{"cameraMode":{"drawMode":0,"name":"Shaded","section":"Shading Mode"},"sceneLighting":true,"audioPlay":false,"sceneViewState":{"showFog":false,"showMaterialUpdate":false,"showSkybox":false,"showFlares":false,"showImageEffects":false,"showParticleSystems":false},"in2DMode":false,"pivot":{"x":-765.892333984375,"y":-842.37451171875,"z":-350.01861572265627},"rotation":{"x":-0.20126020908355714,"y":0.7840029001235962,"z":-0.32081612944602969,"w":-0.4923301935195923},"size":1240.1583251953125,"orthographic":false}